{
"Profiles": [
{
  "Use Non-ASCII Font" : false,
  "Tags" : [

  ],
  "Ansi 12 Color" : {
    "Green Component" : 0.68627450980392157,
    "Red Component" : 0.38039215686274508,
    "Blue Component" : 0.93725490196078431
  },
  "Ansi 7 Color" : {
    "Green Component" : 0.83529411764705885,
    "Red Component" : 0.80784313725490198,
    "Blue Component" : 0.89803921568627454
  },
  "Ansi 8 Color" : {
    "Green Component" : 0.38823529411764712,
    "Red Component" : 0.36078431372549019,
    "Blue Component" : 0.4392156862745098
  },
  "Bold Color" : {
    "Green Component" : 0.83529411764705885,
    "Red Component" : 0.80784313725490198,
    "Blue Component" : 0.89803921568627454
  },
  "Ansi 9 Color" : {
    "Green Component" : 0.27450980392156865,
    "Red Component" : 0.98431372549019602,
    "Blue Component" : 0.4823529411764706
  },
  "Transparency" : 0.4903922872340426,
  "Guid" : "EEC625D8-24F3-46C2-BD4E-72B2E6AA144E",
  "Rows" : 25,
  "Default Bookmark" : "No",
  "Cursor Guide Color" : {
    "Red Component" : 0.74862593412399292,
    "Color Space" : "P3",
    "Blue Component" : 0.99125725030899048,
    "Alpha Component" : 0.25,
    "Green Component" : 0.92047786712646484
  },
  "Non-ASCII Anti Aliased" : true,
  "Use Bright Bold" : true,
  "Ansi 10 Color" : {
    "Green Component" : 0.83921568627450982,
    "Red Component" : 0.337254901960784,
    "Blue Component" : 0.83921568627450982
  },
  "Ambiguous Double Width" : false,
  "Jobs to Ignore" : [
    "rlogin",
    "ssh",
    "slogin",
    "telnet"
  ],
  "Ansi 15 Color" : {
    "Green Component" : 1,
    "Red Component" : 1,
    "Blue Component" : 1
  },
  "Foreground Color" : {
    "Green Component" : 0.83529411764705885,
    "Red Component" : 0.80784313725490198,
    "Blue Component" : 0.89803921568627454
  },
  "Working Directory" : "\/Users\/smoore",
  "Blinking Cursor" : false,
  "Disable Window Resizing" : true,
  "Sync Title" : false,
  "Prompt Before Closing 2" : false,
  "BM Growl" : true,
  "Command" : "",
  "Description" : "Default",
  "Mouse Reporting" : true,
  "Screen" : -1,
  "Selection Color" : {
    "Green Component" : 0.17647058823529413,
    "Red Component" : 0.3529411764705882,
    "Blue Component" : 0.50980392156862742
  },
  "Only The Default BG Color Uses Transparency" : true,
  "Columns" : 80,
  "Idle Code" : 0,
  "Ansi 13 Color" : {
    "Green Component" : 0.42352941176470588,
    "Red Component" : 0.79607843137254897,
    "Blue Component" : 0.99607843137254903
  },
  "Custom Command" : "No",
  "ASCII Anti Aliased" : true,
  "Non Ascii Font" : "Monaco 12",
  "Vertical Spacing" : 1,
  "Use Bold Font" : true,
  "Option Key Sends" : 2,
  "Selected Text Color" : {
    "Green Component" : 1,
    "Red Component" : 1,
    "Blue Component" : 1
  },
  "Background Color" : {
    "Green Component" : 0,
    "Red Component" : 0,
    "Blue Component" : 0
  },
  "Character Encoding" : 4,
  "Ansi 11 Color" : {
    "Green Component" : 0.80000000000000004,
    "Red Component" : 1,
    "Blue Component" : 0
  },
  "Use Italic Font" : true,
  "Unlimited Scrollback" : false,
  "Keyboard Map" : {

  },
  "Window Type" : 0,
  "Blur Radius" : 14.108710106382979,
  "Background Image Location" : "",
  "Blur" : true,
  "Badge Color" : {
    "Red Component" : 0.92929404973983765,
    "Color Space" : "P3",
    "Blue Component" : 0.13960540294647217,
    "Alpha Component" : 0.5,
    "Green Component" : 0.25479039549827576
  },
  "Scrollback Lines" : 1000,
  "Send Code When Idle" : false,
  "Close Sessions On End" : true,
  "Terminal Type" : "xterm-256color",
  "Visual Bell" : true,
  "Flashing Bell" : false,
  "Silence Bell" : false,
  "Ansi 14 Color" : {
    "Green Component" : 0.83921568627450982,
    "Red Component" : 0.337254901960784,
    "Blue Component" : 0.83921568627450982
  },
  "Name" : "Default",
  "Cursor Text Color" : {
    "Green Component" : 0,
    "Red Component" : 0,
    "Blue Component" : 0
  },
  "Match Background Color" : {
    "Red Component" : 0.99697142839431763,
    "Color Space" : "P3",
    "Blue Component" : 0.32116127014160156,
    "Alpha Component" : 1,
    "Green Component" : 0.98600882291793823
  },
  "Shortcut" : "",
  "Cursor Color" : {
    "Green Component" : 0.82745098039215703,
    "Red Component" : 1,
    "Blue Component" : 0
  },
  "Ansi 0 Color" : {
    "Green Component" : 0,
    "Red Component" : 0,
    "Blue Component" : 0
  },
  "Ansi 1 Color" : {
    "Green Component" : 0.27450980392156865,
    "Red Component" : 0.98431372549019602,
    "Blue Component" : 0.4823529411764706
  },
  "Horizontal Spacing" : 1,
  "Custom Directory" : "No",
  "Ansi 4 Color" : {
    "Green Component" : 0.68627450980392157,
    "Red Component" : 0.38039215686274508,
    "Blue Component" : 0.93725490196078431
  },
  "Right Option Key Sends" : 2,
  "Ansi 6 Color" : {
    "Green Component" : 0.83921568627450982,
    "Red Component" : 0.337254901960784,
    "Blue Component" : 0.83921568627450982
  },
  "Ansi 2 Color" : {
    "Green Component" : 0.83921568627450982,
    "Red Component" : 0.337254901960784,
    "Blue Component" : 0.83921568627450982
  },
  "Normal Font" : "Monaco 12",
  "Link Color" : {
    "Red Component" : 0.14513972401618958,
    "Color Space" : "P3",
    "Blue Component" : 0.7093239426612854,
    "Alpha Component" : 1,
    "Green Component" : 0.35333043336868286
  },
  "Ansi 3 Color" : {
    "Green Component" : 0.82745098039215703,
    "Red Component" : 1,
    "Blue Component" : 0
  },
  "Ansi 5 Color" : {
    "Green Component" : 0.42352941176470588,
    "Red Component" : 0.79607843137254897,
    "Blue Component" : 0.99607843137254903
  }
},
{
  "Working Directory" : "\/Users\/smoore",
  "Prompt Before Closing 2" : false,
  "Selected Text Color" : {
    "Green Component" : 1,
    "Red Component" : 1,
    "Blue Component" : 1
  },
  "Rows" : 25,
  "Ansi 11 Color" : {
    "Green Component" : 0.80000000000000004,
    "Red Component" : 1,
    "Blue Component" : 0
  },
  "Use Italic Font" : true,
  "HotKey Characters" : "\u001c",
  "Foreground Color" : {
    "Green Component" : 0.83529411764705885,
    "Red Component" : 0.80784313725490198,
    "Blue Component" : 0.89803921568627454
  },
  "HotKey Window Floats" : true,
  "Right Option Key Sends" : 2,
  "Character Encoding" : 4,
  "Selection Color" : {
    "Green Component" : 0.17647058823529413,
    "Red Component" : 0.3529411764705882,
    "Blue Component" : 0.50980392156862742
  },
  "Blend" : 0.5,
  "Mouse Reporting" : true,
  "Ansi 4 Color" : {
    "Green Component" : 0.68627450980392157,
    "Red Component" : 0.38039215686274508,
    "Blue Component" : 0.93725490196078431
  },
  "Non-ASCII Anti Aliased" : true,
  "Sync Title" : false,
  "Disable Window Resizing" : true,
  "Description" : "Default",
  "Close Sessions On End" : true,
  "Jobs to Ignore" : [
    "rlogin",
    "ssh",
    "slogin",
    "telnet"
  ],
  "Scrollback Lines" : 1000,
  "HotKey Window Reopens On Activation" : false,
  "Flashing Bell" : false,
  "Cursor Guide Color" : {
    "Red Component" : 0.74862593412399292,
    "Color Space" : "P3",
    "Blue Component" : 0.99125725030899048,
    "Alpha Component" : 0.25,
    "Green Component" : 0.92047786712646484
  },
  "BM Growl" : true,
  "Ansi 3 Color" : {
    "Green Component" : 0.82745098039215703,
    "Red Component" : 1,
    "Blue Component" : 0
  },
  "Use Non-ASCII Font" : false,
  "Link Color" : {
    "Red Component" : 0.14513972401618958,
    "Color Space" : "P3",
    "Blue Component" : 0.7093239426612854,
    "Alpha Component" : 1,
    "Green Component" : 0.35333043336868286
  },
  "Shortcut" : "",
  "Background Image Location" : "",
  "Bold Color" : {
    "Green Component" : 0.83529411764705885,
    "Red Component" : 0.80784313725490198,
    "Blue Component" : 0.89803921568627454
  },
  "Unlimited Scrollback" : false,
  "Custom Command" : "No",
  "HotKey Key Code" : 42,
  "Keyboard Map" : {
    "0x33-0x200000-0x0" : {
      "Action" : 12,
      "Text" : "3"
    },